,header,ankle_theta,ankle_thetadot,knee_theta,knee_thetadot,forceX,forceY,forceZ,momentX,momentY,momentZ,shank_accelX,shank_accelY,shank_accelZ,shank_gyroX,shank_gyroY,shank_gyroZ,foot_accelX,foot_accelY,foot_accelZ,foot_gyroX,foot_gyroY,foot_gyroZ,thigh_accelX,thigh_accelY,thigh_accelZ,thigh_gyroX,thigh_gyroY,thigh_gyroZ,thigh_orientation,intact_thigh_accelX,intact_thigh_accelY,intact_thigh_accelZ,intact_thigh_gyroX,intact_thigh_gyroY,intact_thigh_gyroZ,intact_thigh_orientation
3107,1730296451.4829154,-11.797889709472656,4.333333492279053,1.0765299797058105,7.0,-1.4274803400039673,2.6144468784332275,5.584954738616943,-0.003439736319705844,0.3149985074996948,-0.01162018720060587,0.8720703125,-0.731689453125,0.092529296875,-7.591463565826416,4.146341323852539,19.085365295410156,4.785513877868652,-0.5617691874504089,-10.360413551330566,0.03803672641515732,-0.10357332229614258,0.03371599689126015,0.0,0.0,0.0,0.0,0.0,0.0,0.0,0.0,0.0,0.0,0.0,0.0,0.0,0.0
3108,1730296451.492957,-11.710009574890137,11.333333015441895,1.7136600017547607,35.33333206176758,-3.7040505409240723,1.7938112020492554,6.003197193145752,0.05513167381286621,0.9751107692718506,-0.015771279111504555,0.62744140625,-1.906005859375,0.520751953125,1.0365853309631348,7.804878234863281,39.085365295410156,4.785513877868652,-0.5617691874504089,-10.360413551330566,0.03803672641515732,-0.10357332229614258,0.03371599689126015,0.0,0.0,0.0,0.0,0.0,0.0,0.0,0.0,0.0,0.0,0.0,0.0,0.0,0.0
3109,1730296451.5028973,-10.897120475769043,31.33333396911621,2.6144299507141113,57.0,-7.3350934982299805,1.7550008296966553,6.5716552734375,0.22423209249973297,2.328770875930786,-0.004949424881488085,1.0810546875,-2.52392578125,-0.044677734375,-10.914633750915527,8.109756469726562,82.13414764404297,16.53049087524414,1.819240927696228,-12.339266777038574,0.047592584043741226,-0.02072991617023945,-0.015064802020788193,0.0,0.0,0.0,0.0,0.0,0.0,0.0,0.0,0.0,0.0,0.0,0.0,0.0,0.0
3110,1730296451.512914,-10.721360206604004,48.0,3.5811100006103516,82.66666412353516,-15.241937637329102,5.081088542938232,7.143520355224609,0.5366740822792053,4.8733086585998535,0.02548076957464218,0.602294921875,-4.0,0.77001953125,0.9146341681480408,8.04878044128418,117.71341705322266,34.51286315917969,3.842477321624756,11.68691635131836,-0.8167910575866699,0.9668192267417908,0.09200142323970795,0.0,0.0,0.0,0.0,0.0,0.0,0.0,0.0,0.0,0.0,0.0,0.0,0.0,0.0
3111,1730296451.5231624,-10.721360206604004,41.0,5.404620170593262,102.66666412353516,-23.440195083618164,10.423304557800293,7.481604099273682,0.8572360873222351,8.142491340637207,0.06749535351991653,0.680419921875,-4.0,0.356201171875,6.219511985778809,10.945121765136719,203.8719482421875,48.48611831665039,3.460886240005493,3.333327531814575,-0.2891991436481476,2.0759596824645996,0.2119126319885254,0.0,0.0,0.0,0.0,0.0,0.0,0.0,0.0,0.0,0.0,0.0,0.0,0.0,0.0
3112,1730296451.5329072,-10.611510276794434,22.66666603088379,6.744790077209473,135.0,-23.890100479125977,12.795161247253418,7.195491313934326,0.9256397485733032,10.287534713745117,0.10756467282772064,1.14111328125,-3.94091796875,0.159423828125,0.030487805604934692,18.90243911743164,258.56707763671875,52.78496551513672,-0.5851690173149109,0.3772554099559784,-0.14636358618736267,3.1851584911346436,0.021949270740151405,0.0,0.0,0.0,0.0,0.0,0.0,0.0,0.0,0.0,0.0,0.0,0.0,0.0,0.0
3113,1730296451.5429108,-10.545599937438965,2.3333332538604736,8.919819831848145,160.6666717529297,-24.83786964416504,12.325592041015625,6.00632381439209,0.705198347568512,9.879007339477539,0.14279162883758545,1.806396484375,-2.313232421875,0.262451171875,4.329268455505371,21.707317352294922,315.06097412109375,48.350093841552734,4.269777297973633,-5.028658390045166,-0.14099323749542236,4.412866592407227,-0.10258559137582779,0.0,0.0,0.0,0.0,0.0,0.0,0.0,0.0,0.0,0.0,0.0,0.0,0.0,0.0
3114,1730296451.553237,-10.567569732666016,4.0,10.567569732666016,177.3333282470703,-34.121986389160156,10.434165954589844,4.087635517120361,0.42493483424186707,7.284043312072754,0.17691506445407867,1.9833984375,-1.28173828125,0.2734375,12.804878234863281,25.091463088989258,329.81707763671875,33.6302490234375,2.150944471359253,-11.149649620056152,-0.2204519808292389,5.305826187133789,-0.047421395778656006,0.0,0.0,0.0,0.0,0.0,0.0,0.0,0.0,0.0,0.0,0.0,0.0,0.0,0.0
3115,1730296451.562901,-11.270609855651855,-7.666666507720947,13.379730224609375,199.3333282470703,-37.18672561645508,7.0600266456604,1.9881174564361572,0.297181636095047,3.949496030807495,0.20286132395267487,1.739013671875,0.67236328125,-0.5966796875,-5.7317070960998535,24.085365295410156,328.75,19.74114990234375,0.31425637006759644,-11.094733238220215,0.18421033024787903,6.079530239105225,-0.1325041651725769,0.0,0.0,0.0,0.0,0.0,0.0,0.0,0.0,0.0,0.0,0.0,0.0,0.0,0.0
3116,1730296451.572957,-11.841830253601074,-44.0,15.357029914855957,223.3333282470703,-25.50862693786621,2.967061758041382,0.17782631516456604,0.3230893015861511,1.1407884359359741,0.21635489165782928,1.825439453125,-1.01220703125,0.732177734375,11.219511985778809,32.19512176513672,328.1097412109375,7.489532947540283,3.1052987575531006,-24.19807243347168,-0.35464876890182495,6.865307807922363,-0.07677492499351501,0.0,0.0,0.0,0.0,0.0,0.0,0.0,0.0,0.0,0.0,0.0,0.0,0.0,0.0
3117,1730296451.5828974,-11.578189849853516,-36.66666793823242,18.476770401000977,245.0,-10.443665504455566,0.023627517744898796,-1.5144069194793701,0.2346314787864685,-0.5182943344116211,0.225039541721344,1.90966796875,0.06689453125,-0.1494140625,-0.060975611209869385,23.780487060546875,322.5914611816406,2.2611827850341797,-1.3280773162841797,-27.8313045501709,-0.5768104791641235,5.686667442321777,-0.13389354944229126,0.0,0.0,0.0,0.0,0.0,0.0,0.0,0.0,0.0,0.0,0.0,0.0,0.0,0.0
3118,1730296451.5929003,-11.797889709472656,-26.66666603088379,20.69573974609375,256.6666564941406,1.889728307723999,0.6538913249969482,-3.7686684131622314,-0.12418000400066376,-0.9247125387191772,0.2261749505996704,1.61083984375,-0.215576171875,-0.439208984375,6.9817070960998535,21.371952056884766,312.07318115234375,4.818697929382324,-2.1911492347717285,-18.514890670776367,0.03394224867224693,5.738539218902588,-0.07955018430948257,0.0,0.0,0.0,0.0,0.0,0.0,0.0,0.0,0.0,0.0,0.0,0.0,0.0,0.0
3119,1730296451.6029153,-11.885769844055176,2.6666667461395264,24.254880905151367,272.0,10.840777397155762,1.5897417068481445,-6.675716876983643,-0.4391446113586426,-0.5365036725997925,0.20821896195411682,1.944580078125,-0.399169921875,0.03369140625,15.945121765136719,17.774391174316406,300.70123291015625,3.434782028198242,1.118080973625183,-27.684123992919922,-0.6406621336936951,5.751031875610352,-0.018125515431165695,0.0,0.0,0.0,0.0,0.0,0.0,0.0,0.0,0.0,0.0,0.0,0.0,0.0,0.0
3120,1730296451.613059,-11.929710388183594,-3.0,26.64961051940918,285.0,11.85702133178711,-1.0735752582550049,-9.485788345336914,-0.43180665373802185,-0.15511223673820496,0.16957102715969086,1.56103515625,-0.316650390625,-0.2646484375,9.237804412841797,16.219512939453125,295.54876708984375,3.357865810394287,-3.0957980155944824,-20.19783592224121,-0.1084422916173935,5.351283073425293,-0.1970389485359192,0.0,0.0,0.0,0.0,0.0,0.0,0.0,0.0,0.0,0.0,0.0,0.0,0.0,0.0
3121,1730296451.6229236,-11.951680183410645,-3.6666667461395264,30.40648078918457,301.6666564941406,8.385491371154785,-2.875547409057617,-11.514249801635742,-0.24104250967502594,-0.1514345109462738,0.11986780166625977,1.43798828125,-0.26708984375,-0.14453125,10.945121765136719,16.463415145874023,285.5182800292969,2.931657314300537,-1.0446900129318237,-19.571352005004883,-0.30641573667526245,5.188500881195068,-0.006136245094239712,0.0,0.0,0.0,0.0,0.0,0.0,0.0,0.0,0.0,0.0,0.0,0.0,0.0,0.0
3122,1730296451.632902,-11.951680183410645,2.6666667461395264,32.86711883544922,306.3333435058594,7.924979209899902,-2.475010871887207,-12.50657844543457,-0.0674109011888504,-0.3009354770183563,0.07514286041259766,1.60986328125,-0.12451171875,-0.024658203125,8.04878044128418,16.0060977935791,275.2134094238281,2.7001473903656006,1.0419830083847046,-20.025415420532227,-0.19782233238220215,4.9976935386657715,-0.09850242733955383,0.0,0.0,0.0,0.0,0.0,0.0,0.0,0.0,0.0,0.0,0.0,0.0,0.0,0.0
3123,1730296451.6429765,-11.951680183410645,-0.6666666865348816,36.49216842651367,307.3333435058594,8.222297668457031,-3.07304310798645,-12.53841781616211,0.03061031736433506,-0.3463214635848999,0.04286416992545128,1.3955078125,-0.234130859375,0.036376953125,7.103658676147461,18.018293380737305,259.6036682128906,2.9289965629577637,-0.31038448214530945,-19.119901657104492,-0.19488316774368286,4.821591377258301,-0.13410404324531555,0.0,0.0,0.0,0.0,0.0,0.0,0.0,0.0,0.0,0.0,0.0,0.0,0.0,0.0
3124,1730296451.6529517,-11.951680183410645,0.0,38.79901885986328,300.0,7.128591537475586,-2.843515157699585,-11.896041870117188,0.05091723054647446,-0.3129937946796417,0.01954112946987152,1.478271484375,0.044921875,-0.0361328125,7.5,17.530487060546875,251.9512176513672,2.405052661895752,0.8180375695228577,-18.502071380615234,-0.21035197377204895,4.600183486938477,-0.08352229744195938,0.0,0.0,0.0,0.0,0.0,0.0,0.0,0.0,0.0,0.0,0.0,0.0,0.0,0.0
3125,1730296451.6628945,-11.951680183410645,0.0,42.160430908203125,292.6666564941406,7.290045738220215,-1.7124322652816772,-10.910591125488281,0.03864004835486412,-0.33797207474708557,0.007626653648912907,1.284912109375,-0.0654296875,-0.030517578125,7.560975551605225,18.170732498168945,236.31097412109375,1.2866921424865723,1.3551433086395264,-17.584978103637695,-0.24312230944633484,4.416860103607178,-0.16173143684864044,0.0,0.0,0.0,0.0,0.0,0.0,0.0,0.0,0.0,0.0,0.0,0.0,0.0,0.0
3126,1730296451.672934,-11.951680183410645,0.0,44.225608825683594,279.6666564941406,7.370582580566406,-2.0415868759155273,-9.948325157165527,0.03681434690952301,-0.41689828038215637,0.005654708482325077,1.19921875,-0.083251953125,-0.0712890625,5.182926654815674,17.34756088256836,227.0426788330078,0.7847002744674683,-0.4707980453968048,-16.309814453125,-0.23577706515789032,4.181297302246094,-0.10634692758321762,0.0,0.0,0.0,0.0,0.0,0.0,0.0,0.0,0.0,0.0,0.0,0.0,0.0,0.0
3127,1730296451.6828966,-11.951680183410645,0.0,47.147621154785156,266.6666564941406,6.842134952545166,-3.09443736076355,-9.03507137298584,-0.022024936974048615,-0.46083176136016846,0.0014105687150731683,1.07666015625,-0.083740234375,-0.1357421875,5.5182929039001465,15.70121955871582,210.88414001464844,0.6510239243507385,0.109193354845047,-15.741114616394043,-0.23526224493980408,3.9556808471679688,-0.10518024861812592,0.0,0.0,0.0,0.0,0.0,0.0,0.0,0.0,0.0,0.0,0.0,0.0,0.0,0.0
3128,1730296451.6929107,-11.951680183410645,0.0,48.90522003173828,246.6666717529297,7.71193790435791,-3.798959493637085,-7.625277519226074,-0.1720282882452011,-0.4577937722206116,-0.0061991275288164616,1.0078125,0.008056640625,-0.14306640625,2.804877996444702,13.445121765136719,200.1219482421875,0.2705618739128113,-1.131404995918274,-15.100861549377441,-0.2166558802127838,3.728714942932129,-0.08979971706867218,0.0,0.0,0.0,0.0,0.0,0.0,0.0,0.0,0.0,0.0,0.0,0.0,0.0,0.0
3129,1730296451.7029438,-11.951680183410645,0.0,51.3878288269043,229.3333282470703,9.34565544128418,-3.0222558975219727,-5.48021936416626,-0.27399754524230957,-0.4948185980319977,-0.009274480864405632,1.029296875,0.134765625,-0.110107421875,3.4146342277526855,10.54878044128418,182.10365295410156,-0.7313587665557861,-1.2451021671295166,-14.348502159118652,-0.17662672698497772,3.4908881187438965,-0.059017620980739594,0.0,0.0,0.0,0.0,0.0,0.0,0.0,0.0,0.0,0.0,0.0,0.0,0.0,0.0
3130,1730296451.712914,-11.951680183410645,0.0,52.92573165893555,211.0,10.561103820800781,-1.4992254972457886,-3.151247501373291,-0.23475714027881622,-0.6958649754524231,-0.00832750741392374,0.999755859375,0.273681640625,-0.025634765625,4.146341323852539,8.87195110321045,166.6768341064453,-2.9547324180603027,-0.8882347345352173,-14.367072105407715,-0.1349307745695114,3.2339653968811035,-0.06091967597603798,0.0,0.0,0.0,0.0,0.0,0.0,0.0,0.0,0.0,0.0,0.0,0.0,0.0,0.0
3131,1730296451.7229056,-11.951680183410645,0.0,55.03485107421875,195.3333282470703,10.667020797729492,-0.008555264212191105,-1.2391822338104248,-0.09978104382753372,-1.1292482614517212,-0.008304803632199764,0.802490234375,0.58740234375,0.099609375,3.932926893234253,9.45121955871582,137.5,-5.827102184295654,0.06640186905860901,-13.9843168258667,-0.10579175502061844,2.88378643989563,-0.051674600690603256,0.0,0.0,0.0,0.0,0.0,0.0,0.0,0.0,0.0,0.0,0.0,0.0,0.0,0.0
3132,1730296451.733044,-11.951680183410645,0.0,56.24319839477539,179.0,12.762301445007324,3.3621654510498047,0.19759830832481384,0.07244103401899338,-1.7666962146759033,-0.0126571049913764,0.926513671875,0.796142578125,0.057373046875,3.262195110321045,10.457317352294922,115.06097412109375,-9.230857849121094,1.585817813873291,-13.541815757751465,-0.107242152094841,2.4678874015808105,-0.061848387122154236,0.0,0.0,0.0,0.0,0.0,0.0,0.0,0.0,0.0,0.0,0.0,0.0,0.0,0.0
3133,1730296451.7429297,-11.951680183410645,0.0,57.71519088745117,155.3333282470703,19.46002197265625,5.150954246520996,1.571745753288269,0.1922561675310135,-2.4319958686828613,-0.024548886343836784,0.745849609375,0.85888671875,0.004638671875,2.378048896789551,11.006097793579102,76.18902587890625,-12.15874195098877,1.1457093954086304,-14.461175918579102,-0.15299805998802185,1.9669888019561768,-0.06015103682875633,0.0,0.0,0.0,0.0,0.0,0.0,0.0,0.0,0.0,0.0,0.0,0.0,0.0,0.0
3134,1730296451.7529123,-11.951680183410645,0.0,58.44020080566406,131.6666717529297,23.43967628479004,1.582523226737976,3.218410015106201,0.14672820270061493,-2.8342514038085938,-0.045532047748565674,0.69384765625,0.874755859375,-0.144287109375,0.3353658616542816,9.84756088256836,52.59146499633789,-13.322053909301758,0.6825438141822815,-13.568192481994629,-0.16110293567180634,1.4201469421386719,-0.05966709181666374,0.0,0.0,0.0,0.0,0.0,0.0,0.0,0.0,0.0,0.0,0.0,0.0,0.0,0.0
3135,1730296451.7629445,-11.929710388183594,0.6666666865348816,59.253089904785156,101.33333587646484,20.153825759887695,-2.4545516967773438,5.014012336730957,-0.09847317636013031,-2.7691895961761475,-0.07263516634702682,0.57080078125,0.4873046875,-0.20947265625,-1.9512195587158203,4.939024448394775,20.121952056884766,-12.408892631530762,-1.6254318952560425,-12.249752044677734,-0.18461908400058746,0.8937935829162598,-0.036751482635736465,0.0,0.0,0.0,0.0,0.0,0.0,0.0,0.0,0.0,0.0,0.0,0.0,0.0,0.0
3136,1730296451.7728944,-11.929710388183594,0.6666666865348816,59.5826416015625,76.66666412353516,15.500539779663086,-3.1238181591033936,6.795597076416016,-0.4129747450351715,-2.3012449741363525,-0.0964314192533493,0.30419921875,0.3564453125,-0.229248046875,-2.195122003555298,0.7317073345184326,-1.9817073345184326,-8.932247161865234,-2.528282403945923,-10.036843299865723,-0.08579424768686295,0.4147513508796692,0.01904875785112381,0.0,0.0,0.0,0.0,0.0,0.0,0.0,0.0,0.0,0.0,0.0,0.0,0.0,0.0
3137,1730296451.7829113,-11.907739639282227,1.3333333730697632,59.51673126220703,44.33333206176758,15.138555526733398,-1.9130642414093018,8.695611953735352,-0.5602311491966248,-1.956629991531372,-0.10768559575080872,0.303955078125,0.932861328125,-0.080810546875,-0.030487805604934692,-2.1341464519500732,-40.09146499633789,-10.130830764770508,-1.7647603750228882,-8.548745155334473,-0.011025136336684227,-0.08423580229282379,-0.0062841735780239105,0.0,0.0,0.0,0.0,0.0,0.0,0.0,0.0,0.0,0.0,0.0,0.0,0.0,0.0
3138,1730296451.7929206,-11.929710388183594,0.0,58.879600524902344,4.333333492279053,22.32851219177246,-0.9566705822944641,10.737939834594727,-0.48120084404945374,-2.488060474395752,-0.10933295637369156,0.802001953125,1.55078125,-0.086181640625,-1.6463414430618286,-4.115853786468506,-74.81707000732422,-17.30281639099121,-1.8421192169189453,-12.285116195678711,0.10118678957223892,-0.6479270458221436,0.0015941420570015907,0.0,0.0,0.0,0.0,0.0,0.0,0.0,0.0,0.0,0.0,0.0,0.0,0.0,0.0
3139,1730296451.8029003,-11.951680183410645,-0.6666666865348816,57.40761184692383,-50.33333206176758,32.893985748291016,-0.8943536877632141,12.435885429382324,-0.3432447612285614,-4.030679702758789,-0.1140531525015831,0.598876953125,2.527099609375,-0.031005859375,-2.9268293380737305,-9.329268455505371,-142.743896484375,-23.38542938232422,0.3701242208480835,-16.107643127441406,0.11339186877012253,-1.3671810626983643,-0.03956729546189308,0.0,0.0,0.0,0.0,0.0,0.0,0.0,0.0,0.0,0.0,0.0,0.0,0.0,0.0
3140,1730296451.8129635,-11.951680183410645,-1.3333333730697632,55.75986099243164,-108.33333587646484,37.24626541137695,-0.4053202271461487,13.136544227600098,-0.3061158359050751,-5.916697025299072,-0.12996231019496918,1.5419921875,2.694091796875,-0.3046875,-4.542683124542236,-11.40243911743164,-188.47561645507812,-32.02471923828125,-1.6988359689712524,-19.122758865356445,0.13929109275341034,-2.3193235397338867,-7.151439785957336e-05,0.0,0.0,0.0,0.0,0.0,0.0,0.0,0.0,0.0,0.0,0.0,0.0,0.0,0.0
3141,1730296451.8229117,-12.017589569091797,-1.3333333730697632,52.79391098022461,-172.3333282470703,39.74818420410156,-0.8596101999282837,12.752578735351562,-0.44071173667907715,-7.338901042938232,-0.15603570640087128,1.66796875,2.72216796875,-0.33984375,-3.75,-17.926828384399414,-268.81097412109375,-36.49545669555664,-2.1820337772369385,-25.40117073059082,0.135168194770813,-3.34808349609375,0.023838307708501816,0.0,0.0,0.0,0.0,0.0,0.0,0.0,0.0,0.0,0.0,0.0,0.0,0.0,0.0
3142,1730296451.8329203,-12.039560317993164,-3.3333332538604736,50.465091705322266,-224.6666717529297,49.73915481567383,-3.595263719558716,11.717613220214844,-0.6988868713378906,-7.69834566116333,-0.18726825714111328,1.6796875,2.174560546875,-0.4697265625,-10.15243911743164,-22.286584854125977,-313.44512939453125,-34.00439453125,-3.6445021629333496,-28.190359115600586,0.26135608553886414,-4.477275848388672,0.0461655855178833,0.0,0.0,0.0,0.0,0.0,0.0,0.0,0.0,0.0,0.0,0.0,0.0,0.0,0.0
3143,1730296451.8429072,-12.039560317993164,-3.3333332538604736,46.620338439941406,-274.3333435058594,58.06438446044922,-4.557455539703369,10.249516487121582,-0.9061712026596069,-6.685635566711426,-0.2158121019601822,1.913330078125,0.98681640625,-0.279541015625,-11.493902206420898,-29.390243530273438,-361.06707763671875,-23.718429565429688,-4.377134323120117,-28.255722045898438,0.3520326614379883,-5.472500801086426,0.08622186630964279,0.0,0.0,0.0,0.0,0.0,0.0,0.0,0.0,0.0,0.0,0.0,0.0,0.0,0.0
3144,1730296451.8529222,-12.061530113220215,-3.3333332538604736,43.63241958618164,-310.0,52.119728088378906,-2.6343140602111816,8.07658576965332,-0.8537330031394958,-4.544584274291992,-0.23124906420707703,2.27001953125,0.15771484375,-0.2744140625,-16.371952056884766,-32.19512176513672,-379.7256164550781,-11.095796585083008,-3.296846628189087,-29.683595657348633,0.4447476267814636,-6.243601322174072,0.1533406674861908,0.0,0.0,0.0,0.0,0.0,0.0,0.0,0.0,0.0,0.0,0.0,0.0,0.0,0.0
3145,1730296451.8629057,-12.061530113220215,-0.6666666865348816,38.842960357666016,-349.3333435058594,39.05858612060547,-0.3971387445926666,4.805001258850098,-0.4709526002407074,-2.1247036457061768,-0.2269780933856964,2.341064453125,-0.454833984375,-0.076171875,-9.17682933807373,-33.65853500366211,-395.5792541503906,-0.25536659359931946,-1.5821566581726074,-29.06765365600586,0.497679203748703,-6.701312065124512,0.22305099666118622,0.0,0.0,0.0,0.0,0.0,0.0,0.0,0.0,0.0,0.0,0.0,0.0,0.0,0.0
3146,1730296451.8729272,-12.061530113220215,-0.6666666865348816,35.525489807128906,-386.0,31.96797752380371,2.0257861614227295,0.44868531823158264,-0.010641628876328468,-0.37466004490852356,-0.20642085373401642,2.545654296875,-0.32763671875,-0.009765625,-13.231707572937012,-32.378047943115234,-400.0304870605469,6.352607727050781,0.991150438785553,-28.974014282226562,0.5225657224655151,-6.933773040771484,0.15669392049312592,0.0,0.0,0.0,0.0,0.0,0.0,0.0,0.0,0.0,0.0,0.0,0.0,0.0,0.0
3147,1730296451.8830578,-12.061530113220215,0.0,30.80194091796875,-401.6666564941406,29.168840408325195,3.691117763519287,-4.540213584899902,0.2371889054775238,0.3388395607471466,-0.18111565709114075,2.437744140625,-0.531005859375,0.110107421875,-11.67682933807373,-30.579267501831055,-403.9634094238281,8.444003105163574,0.5290482044219971,-29.686317443847656,0.4829675257205963,-7.048186779022217,0.15586477518081665,0.0,0.0,0.0,0.0,0.0,0.0,0.0,0.0,0.0,0.0,0.0,0.0,0.0,0.0
3148,1730296451.8929539,-12.083499908447266,-0.6666666865348816,27.59432029724121,-403.3333435058594,21.82816505432129,3.9777262210845947,-9.757833480834961,0.3217068016529083,0.3671202063560486,-0.1585284173488617,2.6025390625,-0.45068359375,0.072021484375,-12.37804889678955,-30.823171615600586,-407.5914611816406,9.93513298034668,2.2052996158599854,-29.276174545288086,0.46117866039276123,-7.122381687164307,0.16519643366336823,0.0,0.0,0.0,0.0,0.0,0.0,0.0,0.0,0.0,0.0,0.0,0.0,0.0,0.0
3149,1730296451.902913,-12.083499908447266,-0.6666666865348816,23.11244010925293,-388.6666564941406,8.591780662536621,3.346578598022461,-14.859259605407715,0.3666711151599884,0.29928889870643616,-0.13368521630764008,2.454345703125,-0.634765625,0.058837890625,-11.95121955871582,-27.378047943115234,-407.98779296875,9.962166786193848,1.4399586915969849,-29.07039451599121,0.4249643385410309,-7.148184299468994,0.11851152032613754,0.0,0.0,0.0,0.0,0.0,0.0,0.0,0.0,0.0,0.0,0.0,0.0,0.0,0.0
3150,1730296451.9130645,-12.083499908447266,-0.6666666865348816,20.12451934814453,-380.3333435058594,-3.7553625106811523,1.3614733219146729,-19.378543853759766,0.36686477065086365,0.4770350754261017,-0.09740398824214935,2.56982421875,-0.646728515625,0.0009765625,-13.140243530273438,-26.432926177978516,-404.3292541503906,12.154972076416016,1.6577913761138916,-29.421615600585938,0.4000912606716156,-7.214787483215332,0.16113980114459991,0.0,0.0,0.0,0.0,0.0,0.0,0.0,0.0,0.0,0.0,0.0,0.0,0.0,0.0
3151,1730296451.9228976,-12.083499908447266,0.0,15.884309768676758,-366.6666564941406,-7.9579854011535645,-0.12290108948945999,-23.12027359008789,0.3349464535713196,0.8706427812576294,-0.04819251969456673,2.49658203125,-0.990234375,0.11962890625,-9.146341323852539,-25.0,-393.8414611816406,14.970733642578125,2.188593864440918,-30.915067672729492,0.3393617272377014,-7.148759365081787,0.12603071331977844,0.0,0.0,0.0,0.0,0.0,0.0,0.0,0.0,0.0,0.0,0.0,0.0,0.0,0.0
3152,1730296451.9329047,-11.995619773864746,1.6666666269302368,13.269880294799805,-354.6666564941406,-5.770902156829834,-0.022400300949811935,-26.24398422241211,0.25682106614112854,1.3119205236434937,0.005802593193948269,2.525146484375,-1.100830078125,0.046875,-9.969511985778809,-23.04878044128418,-385.82318115234375,15.453802108764648,0.35719043016433716,-28.271766662597656,0.32912692427635193,-7.151410102844238,0.08804059028625488,0.0,0.0,0.0,0.0,0.0,0.0,0.0,0.0,0.0,0.0,0.0,0.0,0.0,0.0
3153,1730296451.9428914,-11.863800048828125,6.0,9.513010025024414,-336.3333435058594,-6.562434196472168,0.6788249015808105,-28.763147354125977,0.10772521793842316,1.8031011819839478,0.054204341024160385,2.08642578125,-1.3564453125,-0.0703125,-11.189023971557617,-25.030487060546875,-364.7256164550781,15.453802108764648,0.35719043016433716,-28.271766662597656,0.32912692427635193,-7.151410102844238,0.08804059028625488,0.0,0.0,0.0,0.0,0.0,0.0,0.0,0.0,0.0,0.0,0.0,0.0,0.0,0.0
3154,1730296451.9528935,-11.863800048828125,6.666666507720947,7.140250205993652,-320.0,-12.836849212646484,1.6555370092391968,-30.3542423248291,-0.027012918144464493,2.402247428894043,0.09147154539823532,2.044189453125,-1.462646484375,-0.088134765625,-9.756097793579102,-24.908536911010742,-347.256103515625,20.719371795654297,-0.554528534412384,-22.32830810546875,0.3304316997528076,-6.495219707489014,0.11283829808235168,0.0,0.0,0.0,0.0,0.0,0.0,0.0,0.0,0.0,0.0,0.0,0.0,0.0,0.0
3155,1730296451.9629285,-11.710009574890137,6.666666507720947,3.7568700313568115,-300.6666564941406,-19.698583602905273,1.4614524841308594,-30.70920753479004,-0.03958357125520706,2.9677608013153076,0.11610843241214752,1.848876953125,-1.779052734375,-0.0517578125,-11.189023971557617,-24.573171615600586,-313.1707458496094,21.759872436523438,-0.7519983053207397,-22.363054275512695,0.3508380949497223,-6.221567153930664,0.1050393283367157,0.0,0.0,0.0,0.0,0.0,0.0,0.0,0.0,0.0,0.0,0.0,0.0,0.0,0.0
3156,1730296451.9730668,-11.314550399780273,13.0,1.6257799863815308,-286.0,-27.11138343811035,1.4908478260040283,-29.825868606567383,0.1670742630958557,3.6560683250427246,0.12905153632164001,1.428466796875,-2.87890625,0.490234375,-0.21341463923454285,-20.823171615600586,-290.76220703125,23.81570816040039,0.2084898054599762,-18.573476791381836,0.30577144026756287,-5.991192817687988,0.1567775011062622,0.0,0.0,0.0,0.0,0.0,0.0,0.0,0.0,0.0,0.0,0.0,0.0,0.0,0.0
3157,1730296451.9828935,-10.655449867248535,36.0,-0.28560999035835266,-257.6666564941406,-35.7620849609375,4.617514610290527,-27.640037536621094,0.6123735904693604,5.629867076873779,0.13955847918987274,0.09765625,-4.0,1.378173828125,-20.884145736694336,-13.932927131652832,-192.68292236328125,42.46164321899414,2.358483076095581,3.643040895462036,-0.43252241611480713,-5.169151782989502,0.26986777782440186,0.0,0.0,0.0,0.0,0.0,0.0,0.0,0.0,0.0,0.0,0.0,0.0,0.0,0.0
3158,1730296451.992923,-10.567569732666016,39.66666793823242,-0.5712199807167053,-176.3333282470703,-39.56093215942383,9.106474876403809,-23.916484832763672,1.017594337463379,10.08389949798584,0.1684519201517105,0.822265625,-4.0,0.057373046875,-7.439024448394775,4.02439022064209,-92.46951293945312,68.79653930664062,4.195912837982178,8.474255561828613,0.27028605341911316,-3.592134952545166,0.2528529465198517,0.0,0.0,0.0,0.0,0.0,0.0,0.0,0.0,0.0,0.0,0.0,0.0,0.0,0.0
3159,1730296452.00308,-10.391810417175293,33.33333206176758,-0.7250099778175354,-92.33333587646484,-36.189945220947266,13.406335830688477,-18.715198516845703,1.134158730506897,15.959798812866211,0.2293587327003479,0.398193359375,-4.0,0.585205078125,-45.94512176513672,9.481707572937012,88.56707000732422,77.75423431396484,-1.3870165348052979,19.04880714416504,0.12808607518672943,-1.4800357818603516,0.24763160943984985,0.0,0.0,0.0,0.0,0.0,0.0,0.0,0.0,0.0,0.0,0.0,0.0,0.0,0.0
3160,1730296452.012946,-10.259989738464355,13.0,-0.6151599884033203,-18.33333396911621,-33.44728088378906,15.91245174407959,-12.421055793762207,1.1503907442092896,19.404447555541992,0.3100237548351288,1.0048828125,-4.0,0.235595703125,-21.341463088989258,9.207317352294922,156.9207305908203,79.0291748046875,4.817601203918457,13.611905097961426,-0.05253436788916588,1.00065279006958,0.570772111415863,0.0,0.0,0.0,0.0,0.0,0.0,0.0,0.0,0.0,0.0,0.0,0.0,0.0,0.0
3161,1730296452.0231047,-10.172109603881836,10.333333015441895,-0.28560999035835266,4.333333492279053,-34.20676803588867,14.159860610961914,-6.04908561706543,1.1591336727142334,16.725893020629883,0.38327136635780334,1.922119140625,-0.913818359375,0.326171875,9.237804412841797,17.34756088256836,199.2073211669922,56.95304870605469,10.735367774963379,1.0702334642410278,-0.03871932998299599,2.402029037475586,0.04883808642625809,0.0,0.0,0.0,0.0,0.0,0.0,0.0,0.0,0.0,0.0,0.0,0.0,0.0,0.0
3162,1730296452.032883,-10.238019943237305,7.666666507720947,0.06590999662876129,20.66666603088379,-28.448747634887695,10.00796890258789,-1.1788455247879028,0.8716810345649719,8.752962112426758,0.42171284556388855,1.107666015625,-0.512939453125,0.256103515625,-0.8841463327407837,19.207317352294922,216.43292236328125,56.95304870605469,10.735367774963379,1.0702334642410278,-0.03871932998299599,2.402029037475586,0.04883808642625809,0.0,0.0,0.0,0.0,0.0,0.0,0.0,0.0,0.0,0.0,0.0,0.0,0.0,0.0
3163,1730296452.0428984,-11.358489990234375,-18.33333396911621,0.9666799902915955,48.0,-11.510831832885742,6.014950275421143,1.626859188079834,0.2876355051994324,0.9171120524406433,0.41499462723731995,1.316650390625,-0.92626953125,-0.11083984375,6.920731544494629,11.646341323852539,193.56707763671875,6.602506160736084,-0.0842403843998909,-2.662644147872925,0.18671037256717682,4.405880928039551,0.14802873134613037,0.0,0.0,0.0,0.0,0.0,0.0,0.0,0.0,0.0,0.0,0.0,0.0,0.0,0.0
3164,1730296452.0529525,-11.731980323791504,-59.33333206176758,1.4500199556350708,54.33333206176758,3.186852216720581,2.868978500366211,3.233109951019287,-0.16374601423740387,-2.6401844024658203,0.38560816645622253,1.97705078125,1.489501953125,-0.269287109375,-14.146341323852539,16.4939022064209,177.5,-2.6512651443481445,3.744154453277588,-23.913236618041992,-0.2344016134738922,3.943449020385742,-0.18852931261062622,0.0,0.0,0.0,0.0,0.0,0.0,0.0,0.0,0.0,0.0,0.0,0.0,0.0,0.0
3165,1730296452.062908,-11.885769844055176,-61.0,2.812160015106201,80.66666412353516,2.879073143005371,-0.3207763135433197,4.618268966674805,-0.30276426672935486,-3.1970412731170654,0.3565807342529297,0.86572265625,2.165771484375,-0.69775390625,0.27439025044441223,13.719511985778809,136.25,-15.26113224029541,-4.2749199867248535,-15.226846694946289,-0.2251659631729126,3.612123489379883,-0.0010224543511867523,0.0,0.0,0.0,0.0,0.0,0.0,0.0,0.0,0.0,0.0,0.0,0.0,0.0,0.0
3166,1730296452.0728858,-11.995619773864746,-50.0,3.4273200035095215,86.33333587646484,-4.392821311950684,-5.790470123291016,6.010873794555664,-0.3860473334789276,-4.289101600646973,0.32012078166007996,1.692138671875,2.769775390625,-0.182373046875,6.006097793579102,12.530488014221191,102.74390411376953,-28.417293548583984,0.2536763548851013,-22.447616577148438,-0.28956055641174316,2.6823537349700928,-0.11352391541004181,0.0,0.0,0.0,0.0,0.0,0.0,0.0,0.0,0.0,0.0,0.0,0.0,0.0,0.0
3167,1730296452.0828986,-12.193349838256836,-16.0,4.218239784240723,93.66666412353516,-4.396204471588135,-11.3009614944458,6.6348876953125,-0.6428734660148621,-6.610996246337891,0.26013311743736267,1.429931640625,2.48388671875,-0.487548828125,5.304878234863281,2.317073106765747,38.65853500366211,-35.31691360473633,-6.195082664489746,-27.857322692871094,-0.07872192561626434,1.7822996377944946,-0.02838607132434845,0.0,0.0,0.0,0.0,0.0,0.0,0.0,0.0,0.0,0.0,0.0,0.0,0.0,0.0
3168,1730296452.0928948,-12.237290382385254,-21.33333396911621,4.679609775543213,76.33333587646484,1.846551537513733,-12.425166130065918,5.6985764503479,-0.94240403175354,-7.772274971008301,0.1730416864156723,0.8037109375,1.860107421875,-0.20751953125,2.77439022064209,-0.7012194991111755,0.5487805008888245,-31.370567321777344,-3.3853540420532227,-22.747392654418945,-0.02229054644703865,0.9393455982208252,-0.1132776066660881,0.0,0.0,0.0,0.0,0.0,0.0,0.0,0.0,0.0,0.0,0.0,0.0,0.0,0.0
3169,1730296452.1028976,-12.347140312194824,-13.0,5.206890106201172,58.0,8.251776695251465,-8.879609107971191,3.790008068084717,-0.9285916686058044,-6.1258864402771,0.0679594874382019,0.816650390625,0.391845703125,-0.244873046875,1.7682926654815674,-2.317073106765747,-23.932926177978516,-19.3619441986084,-2.0250916481018066,-14.132946968078613,0.0634983479976654,0.16354934871196747,-0.01843484304845333,0.0,0.0,0.0,0.0,0.0,0.0,0.0,0.0,0.0,0.0,0.0,0.0,0.0,0.0
3170,1730296452.1129131,-12.347140312194824,-10.333333015441895,5.382649898529053,45.33333206176758,15.518985748291016,-3.056258201599121,2.0749759674072266,-0.5875691771507263,-2.955660581588745,-0.038181938230991364,1.104248046875,0.0419921875,-0.123291015625,2.591463327407837,-3.4146342277526855,-26.4939022064209,-7.860533237457275,-1.2667536735534668,-12.141956329345703,0.06602980196475983,-0.4054635465145111,-0.043737635016441345,0.0,0.0,0.0,0.0,0.0,0.0,0.0,0.0,0.0,0.0,0.0,0.0,0.0,0.0
3171,1730296452.122883,-12.281229972839355,-3.3333332538604736,5.338709831237793,26.33333396911621,19.698711395263672,1.134434700012207,0.9662216901779175,-0.31986379623413086,-0.5524693727493286,-0.12876178324222565,1.243896484375,-0.162841796875,-0.1005859375,5.121951103210449,-6.036585330963135,-29.45121955871582,-7.860533237457275,-1.2667536735534668,-12.141956329345703,0.06602980196475983,-0.4054635465145111,-0.043737635016441345,0.0,0.0,0.0,0.0,0.0,0.0,0.0,0.0,0.0,0.0,0.0,0.0,0.0,0.0
3172,1730296452.1329658,-12.215319633483887,2.6666667461395264,5.272799968719482,8.333333015441895,13.274943351745605,2.5892441272735596,0.4508468508720398,-0.24346940219402313,0.2997066080570221,-0.18320158123970032,1.019775390625,-0.282470703125,0.01806640625,-0.060975611209869385,-6.493902206420898,-34.84756088256836,1.0409777164459229,-0.9265996813774109,-10.151787757873535,0.118166983127594,-0.6618449091911316,-0.03146037831902504,0.0,0.0,0.0,0.0,0.0,0.0,0.0,0.0,0.0,0.0,0.0,0.0,0.0,0.0
3173,1730296452.142919,-12.215319633483887,4.333333492279053,4.987189769744873,-8.666666984558105,2.951364755630493,4.49787712097168,0.67787766456604,-0.13583780825138092,0.2789754569530487,-0.18972624838352203,1.00146484375,-0.277587890625,0.043701171875,-0.27439025044441223,-4.29878044128418,-31.920732498168945,1.7179659605026245,0.2988404333591461,-10.649033546447754,0.11485293507575989,-0.6191920042037964,-0.019539570435881615,0.0,0.0,0.0,0.0,0.0,0.0,0.0,0.0,0.0,0.0,0.0,0.0,0.0,0.0
3174,1730296452.152924,-12.215319633483887,2.6666667461395264,4.811429977416992,-16.66666603088379,0.6864121556282043,5.831882953643799,1.8112283945083618,0.039732154458761215,0.15773804485797882,-0.17041443288326263,0.995361328125,-0.04296875,0.0830078125,-2.5609755516052246,-3.4146342277526855,-40.36585235595703,0.9193879961967468,0.5169306993484497,-7.844093322753906,0.10463442653417587,-0.6452566981315613,-0.0011625364422798157,0.0,0.0,0.0,0.0,0.0,0.0,0.0,0.0,0.0,0.0,0.0,0.0,0.0,0.0
3175,1730296452.1629004,-12.215319633483887,0.0,4.262179851531982,-30.33333396911621,4.055500030517578,3.969252347946167,3.499323606491089,0.16478711366653442,0.12772344052791595,-0.1519029438495636,1.0556640625,-0.090087890625,0.03466796875,-4.634146213531494,-2.22560977935791,-37.378047943115234,0.8182219862937927,1.0580226182937622,-9.967844009399414,0.06683613359928131,-0.6394599676132202,0.010980140417814255,0.0,0.0,0.0,0.0,0.0,0.0,0.0,0.0,0.0,0.0,0.0,0.0,0.0,0.0
3176,1730296452.1729023,-12.215319633483887,0.0,3.9106600284576416,-38.66666793823242,7.18719482421875,1.3249226808547974,4.883577823638916,0.19131214916706085,-5.9524300013436005e-06,-0.1291196048259735,1.135498046875,0.33203125,0.025634765625,-2.804877996444702,-1.7073171138763428,-39.17683029174805,-0.07790306955575943,0.8084635734558105,-9.938746452331543,0.05353424325585365,-0.6537346243858337,0.018049081787467003,0.0,0.0,0.0,0.0,0.0,0.0,0.0,0.0,0.0,0.0,0.0,0.0,0.0,0.0
3177,1730296452.1829064,-12.215319633483887,0.0,3.4053499698638916,-44.33333206176758,10.44241714477539,-0.04007149487733841,5.6211256980896,0.1496342122554779,-0.35359328985214233,-0.09006313234567642,1.00927734375,0.255615234375,0.03369140625,-2.1341464519500732,-0.396341472864151,-44.05487823486328,-2.5403690338134766,1.5609394311904907,-10.985674858093262,0.019608967006206512,-0.7281491756439209,-0.022797301411628723,0.0,0.0,0.0,0.0,0.0,0.0,0.0,0.0,0.0,0.0,0.0,0.0,0.0,0.0
3178,1730296452.192901,-12.215319633483887,0.0,3.0757999420166016,-43.33333206176758,12.777091979980469,0.08191268146038055,6.157109260559082,0.10837270319461823,-0.7896110415458679,-0.04640154168009758,1.09228515625,0.375,-0.0302734375,-2.987804889678955,0.8841463327407837,-48.871952056884766,-3.703214406967163,0.9191566705703735,-11.253464698791504,-0.0024312185123562813,-0.8053122758865356,-0.011282367631793022,0.0,0.0,0.0,0.0,0.0,0.0,0.0,0.0,0.0,0.0,0.0,0.0,0.0,0.0
3179,1730296452.2029033,-12.215319633483887,0.0,2.636399984359741,-40.66666793823242,13.288142204284668,0.6244834661483765,6.441971778869629,0.04003667086362839,-0.9718348979949951,-0.019902706146240234,1.01953125,0.071044921875,-0.1083984375,-4.0853657722473145,-0.6707317233085632,-51.49390411376953,-2.9539482593536377,-0.2372186779975891,-11.300036430358887,-0.013878226280212402,-0.8684216141700745,0.011246824637055397,0.0,0.0,0.0,0.0,0.0,0.0,0.0,0.0,0.0,0.0,0.0,0.0,0.0,0.0
3180,1730296452.2129555,-12.215319633483887,0.0,2.350790023803711,-38.66666793823242,11.824695587158203,-0.9121769070625305,5.711042404174805,-0.11362174898386002,-0.6743324995040894,-0.013971437700092793,0.9736328125,-0.177490234375,-0.12939453125,-3.567073106765747,-1.402438998222351,-50.36585235595703,-2.9539482593536377,-0.2372186779975891,-11.300036430358887,-0.013878226280212402,-0.8684216141700745,0.011246824637055397,0.0,0.0,0.0,0.0,0.0,0.0,0.0,0.0,0.0,0.0,0.0,0.0,0.0,0.0
3181,1730296452.2229028,-12.215319633483887,0.0,1.9773000478744507,-35.0,7.933456897735596,-3.176867961883545,4.2818098068237305,-0.25132158398628235,-0.09174506366252899,-0.014932055026292801,0.956787109375,-0.22314453125,-0.108642578125,-4.02439022064209,-3.445122003555298,-47.71341323852539,1.3350789546966553,-0.986666738986969,-9.670629501342773,0.03616192936897278,-0.8960673809051514,0.05571398138999939,0.0,0.0,0.0,0.0,0.0,0.0,0.0,0.0,0.0,0.0,0.0,0.0,0.0,0.0
3182,1730296452.2329187,-12.215319633483887,0.0,1.7356300354003906,-32.33333206176758,3.8072731494903564,-3.6289541721343994,3.7077081203460693,-0.2631829082965851,0.347072035074234,-0.014428301714360714,0.993408203125,-0.21826171875,-0.081298828125,-4.878048896789551,-4.2682929039001465,-45.67073059082031,2.396677255630493,-0.7892264723777771,-9.26585578918457,0.06389520317316055,-0.8680856823921204,0.04041939973831177,0.0,0.0,0.0,0.0,0.0,0.0,0.0,0.0,0.0,0.0,0.0,0.0,0.0,0.0
3183,1730296452.242959,-12.215319633483887,0.0,1.4280500411987305,-29.66666603088379,0.33374378085136414,-2.9921157360076904,4.31080436706543,-0.17297613620758057,0.46690160036087036,-0.013457411900162697,1.024169921875,-0.11376953125,-0.03271484375,-7.682926654815674,-5.457316875457764,-45.121952056884766,2.833172559738159,-0.7078179121017456,-9.52675724029541,0.07992881536483765,-0.8092435598373413,0.051865287125110626,0.0,0.0,0.0,0.0,0.0,0.0,0.0,0.0,0.0,0.0,0.0,0.0,0.0,0.0
3184,1730296452.252936,-12.215319633483887,0.0,1.2303199768066406,-27.0,-1.7221876382827759,-2.1331610679626465,4.751017093658447,-0.04772776737809181,0.40999898314476013,-0.012147737666964531,1.006103515625,-0.28955078125,0.04052734375,-6.371951103210449,-4.4817070960998535,-41.64634323120117,2.8543810844421387,-0.1501598060131073,-10.508830070495605,0.09781496226787567,-0.8094645738601685,0.07263078540563583,0.0,0.0,0.0,0.0,0.0,0.0,0.0,0.0,0.0,0.0,0.0,0.0,0.0,0.0
3185,1730296452.2629125,-12.215319633483887,0.0,0.9447100162506104,-25.0,-0.3781411051750183,-2.0292739868164062,4.363994121551514,0.06630890816450119,0.3818094730377197,-0.009107199497520924,1.02587890625,-0.255126953125,0.08203125,-4.817073345184326,-2.6524391174316406,-39.63414764404297,3.1763696670532227,0.6662649512290955,-9.826521873474121,0.08395235985517502,-0.8037400841712952,0.11631785333156586,0.0,0.0,0.0,0.0,0.0,0.0,0.0,0.0,0.0,0.0,0.0,0.0,0.0,0.0
3186,1730296452.2729535,-12.215319633483887,0.0,0.7689499855041504,-23.0,1.5652912855148315,-2.7237138748168945,3.9181365966796875,0.1653193086385727,0.4699499309062958,-0.005798165686428547,0.960205078125,-0.40576171875,0.092529296875,-0.5792682766914368,-0.9756097793579102,-35.09146499633789,3.5017752647399902,1.445689082145691,-9.435053825378418,0.06410127133131027,-0.7620068192481995,0.11838211119174957,0.0,0.0,0.0,0.0,0.0,0.0,0.0,0.0,0.0,0.0,0.0,0.0,0.0,0.0
3187,1730296452.282889,-12.149410247802734,0.6666666865348816,0.5931900143623352,-20.33333396911621,0.9181633591651917,-3.0763931274414062,4.115261554718018,0.2383139729499817,0.6201624274253845,-0.0038801762275397778,1.0107421875,-0.314697265625,0.057373046875,-4.756097793579102,1.585365891456604,-30.518293380737305,4.217358112335205,1.9400427341461182,-9.622288703918457,0.05538304150104523,-0.7472714781761169,0.07355032861232758,0.0,0.0,0.0,0.0,0.0,0.0,0.0,0.0,0.0,0.0,0.0,0.0,0.0,0.0
3188,1730296452.2929697,-12.127440452575684,2.3333332538604736,0.5272799730300903,-15.666666984558105,-2.018315553665161,-3.381826400756836,4.614123344421387,0.25401026010513306,0.8331708908081055,0.000855914899148047,0.962646484375,-0.6650390625,0.009033203125,-2.012195110321045,2.012195110321045,-23.689023971557617,6.257942199707031,2.074719190597534,-7.706908226013184,0.05347926914691925,-0.6254286766052246,-0.0304793082177639,0.0,0.0,0.0,0.0,0.0,0.0,0.0,0.0,0.0,0.0,0.0,0.0,0.0,0.0
3189,1730296452.3028839,-12.083499908447266,3.0,0.5053099989891052,-9.333333015441895,-6.482219696044922,-2.7714293003082275,4.761302947998047,0.21797846257686615,1.2014682292938232,0.014310868456959724,0.93017578125,-0.91357421875,-0.06640625,-2.9268293380737305,2.621951103210449,-10.457317352294922,6.257942199707031,2.074719190597534,-7.706908226013184,0.05347926914691925,-0.6254286766052246,-0.0304793082177639,0.0,0.0,0.0,0.0,0.0,0.0,0.0,0.0,0.0,0.0,0.0,0.0,0.0,0.0
3190,1730296452.312903,-11.929710388183594,5.666666507720947,0.48333999514579773,-4.666666507720947,-10.516077995300293,-0.9565644264221191,4.661456108093262,0.11547578126192093,1.656206488609314,0.03256167843937874,0.89599609375,-0.998046875,-0.078369140625,-1.3414634466171265,1.5548779964447021,1.7682926654815674,9.590887069702148,-0.2976287305355072,-9.870980262756348,-0.15830810368061066,-0.36996355652809143,-0.005240709520876408,0.0,0.0,0.0,0.0,0.0,0.0,0.0,0.0,0.0,0.0,0.0,0.0,0.0,0.0
3191,1730296452.3285482,-11.336520195007324,19.33333396911621,0.48333999514579773,-1.3333333730697632,-13.29047966003418,-0.28412941098213196,4.807745933532715,-0.048540063202381134,1.9351003170013428,0.045021504163742065,0.923828125,-0.706787109375,-0.090576171875,0.3658536672592163,0.7621951103210449,14.817072868347168,10.942044258117676,-0.3811805248260498,-9.176543235778809,-0.16339156031608582,-0.38218051195144653,0.002942760242149234,0.0,0.0,0.0,0.0,0.0,0.0,0.0,0.0,0.0,0.0,0.0,0.0,0.0,0.0
3192,1730296452.3329391,-11.072879791259766,35.0,0.48333999514579773,-0.6666666865348816,-13.338163375854492,-0.49262258410453796,5.130423069000244,-0.15786626935005188,1.7951346635818481,0.04806395247578621,0.945068359375,-0.331787109375,-0.07470703125,1.4329267740249634,0.15243902802467346,19.573171615600586,8.88694953918457,0.010675004683434963,-3.6087307929992676,-0.15868155658245087,-0.10323408991098404,-0.07709347456693649,0.0,0.0,0.0,0.0,0.0,0.0,0.0,0.0,0.0,0.0,0.0,0.0,0.0,0.0
3193,1730296452.3428907,-11.138790130615234,32.33333206176758,0.5053099989891052,0.0,-7.327817916870117,0.13198824226856232,5.264020919799805,-0.14431697130203247,1.255717396736145,0.04454866796731949,1.012451171875,0.045654296875,-0.0986328125,-2.1341464519500732,-0.5182926654815674,19.268293380737305,5.172289848327637,-1.0214053392410278,-3.362135648727417,-0.1768004447221756,0.3750511109828949,-0.054188549518585205,0.0,0.0,0.0,0.0,0.0,0.0,0.0,0.0,0.0,0.0,0.0,0.0,0.0,0.0
3194,1730296452.352895,-11.490309715270996,6.333333492279053,0.5272799730300903,0.6666666865348816,0.8355751037597656,1.5322186946868896,5.150650978088379,-0.0974469855427742,0.6201569437980652,0.03538104519248009,0.90185546875,-0.498779296875,0.00830078125,-1.1280487775802612,0.030487805604934692,20.884145736694336,4.823400497436523,-1.582250952720642,-5.494891166687012,-0.04807737469673157,0.7626046538352966,-0.008589494042098522,0.0,0.0,0.0,0.0,0.0,0.0,0.0,0.0,0.0,0.0,0.0,0.0,0.0,0.0
3195,1730296452.3631053,-12.259260177612305,-33.66666793823242,0.5492500066757202,1.3333333730697632,4.420472145080566,3.0781774520874023,4.787517547607422,-0.0919838398694992,0.0890125036239624,0.02161036990582943,1.23828125,-0.251220703125,-0.191650390625,7.286585330963135,-0.7012194991111755,17.042682647705078,-0.6414341330528259,-0.8763416409492493,-14.485666275024414,0.4459611177444458,1.03983736038208,-0.008567603304982185,0.0,0.0,0.0,0.0,0.0,0.0,0.0,0.0,0.0,0.0,0.0,0.0,0.0,0.0
3196,1730296452.3729556,-12.171380043029785,-43.33333206176758,0.5712199807167053,2.0,3.5400009155273438,4.174975395202637,4.064403057098389,-0.04000386223196983,-0.3040390610694885,0.009073090739548206,1.102783203125,-0.018310546875,0.183349609375,0.396341472864151,0.5182926654815674,20.609756469726562,-0.347706139087677,0.5785455703735352,-15.294557571411133,0.11928057670593262,0.1489485800266266,0.04623178020119667,0.0,0.0,0.0,0.0,0.0,0.0,0.0,0.0,0.0,0.0,0.0,0.0,0.0,0.0
3197,1730296452.3829165,-12.127440452575684,-29.33333396911621,0.5712199807167053,1.3333333730697632,2.065087080001831,5.601468563079834,3.1521034240722656,0.12741222977638245,-0.3931761682033539,0.0043656607158482075,1.101318359375,-0.10009765625,0.073486328125,3.841463327407837,1.6463414430618286,16.067073822021484,0.9076265096664429,1.5695760250091553,-5.978543281555176,0.04799336940050125,0.3125273585319519,-0.029705509543418884,0.0,0.0,0.0,0.0,0.0,0.0,0.0,0.0,0.0,0.0,0.0,0.0,0.0,0.0
3198,1730296452.3928835,-12.259260177612305,-11.0,0.5712199807167053,0.6666666865348816,3.9859659671783447,6.58036994934082,2.516932725906372,0.25601381063461304,-0.180277019739151,0.006568308919668198,0.998291015625,-0.09521484375,0.0810546875,-1.2804877758026123,4.45121955871582,16.0060977935791,0.9076265096664429,1.5695760250091553,-5.978543281555176,0.04799336940050125,0.3125273585319519,-0.029705509543418884,0.0,0.0,0.0,0.0,0.0,0.0,0.0,0.0,0.0,0.0,0.0,0.0,0.0,0.0
3199,1730296452.4028888,-12.237290382385254,-1.3333333730697632,0.5931900143623352,0.0,7.579489231109619,4.692777633666992,2.4220731258392334,0.20884406566619873,-0.06330745667219162,0.005470259115099907,1.030517578125,0.089599609375,-0.036865234375,0.9146341681480408,2.8353657722473145,16.371952056884766,-0.3013928532600403,0.04151676222681999,-9.884428024291992,0.006819864735007286,0.27258142828941345,-0.10021486133337021,0.0,0.0,0.0,0.0,0.0,0.0,0.0,0.0,0.0,0.0,0.0,0.0,0.0,0.0
3200,1730296452.4128938,-12.259260177612305,-5.333333492279053,0.5931900143623352,0.6666666865348816,7.682799816131592,2.2336788177490234,2.659126043319702,0.08167095482349396,-0.23875534534454346,-0.005316766444593668,0.999755859375,0.116455078125,-0.02197265625,-2.378048896789551,3.75,14.115853309631348,-0.86224365234375,0.1353496015071869,-10.684346199035645,-0.09335892647504807,0.299550861120224,-0.01094217412173748,0.0,0.0,0.0,0.0,0.0,0.0,0.0,0.0,0.0,0.0,0.0,0.0,0.0,0.0
3201,1730296452.4229403,-12.259260177612305,0.0,0.6151599884033203,1.3333333730697632,6.561670303344727,1.0701508522033691,2.866328716278076,-0.028860582038760185,-0.45183971524238586,-0.017749570310115814,1.0419921875,0.177001953125,-0.1220703125,-0.09146341681480408,3.2012195587158203,11.646341323852539,-1.3218417167663574,-0.19725365936756134,-10.374004364013672,-0.01245748158544302,0.2457621991634369,-0.03336309269070625,0.0,0.0,0.0,0.0,0.0,0.0,0.0,0.0,0.0,0.0,0.0,0.0,0.0,0.0
3202,1730296452.4328887,-12.259260177612305,-0.6666666865348816,0.6371300220489502,2.0,7.902669906616211,-0.5233491659164429,2.9824507236480713,-0.13102568686008453,-0.5184881091117859,-0.02239191345870495,0.989501953125,0.15966796875,-0.10986328125,-0.8841463327407837,2.1646342277526855,9.29878044128418,-1.8129125833511353,-0.8327481746673584,-9.980249404907227,-0.04794870316982269,0.1984715461730957,-0.024864712730050087,0.0,0.0,0.0,0.0,0.0,0.0,0.0,0.0,0.0,0.0,0.0,0.0,0.0,0.0
3203,1730296452.4428933,-12.259260177612305,0.0,0.6810700297355652,2.0,10.08749771118164,-1.1161246299743652,3.1428418159484863,-0.20641495287418365,-0.557213306427002,-0.021895311772823334,1.025146484375,0.22705078125,-0.140869140625,-1.2195122241973877,0.8536585569381714,4.847560882568359,-2.2934725284576416,-0.9511516094207764,-10.639930725097656,-0.01879703439772129,0.12475498020648956,-0.004798371344804764,0.0,0.0,0.0,0.0,0.0,0.0,0.0,0.0,0.0,0.0,0.0,0.0,0.0,0.0
3204,1730296452.4530017,-12.259260177612305,0.0,0.7030400037765503,2.0,11.069757461547852,0.04626218229532242,3.381263017654419,-0.2320897877216339,-0.649251401424408,-0.022451860830187798,1.002197265625,0.185546875,-0.108642578125,-2.103658437728882,0.15243902802467346,0.8536585569381714,-2.571655511856079,-1.1228066682815552,-11.132898330688477,-0.00802784413099289,0.06805519014596939,0.0003544643986970186,0.0,0.0,0.0,0.0,0.0,0.0,0.0,0.0,0.0,0.0,0.0,0.0,0.0,0.0
3205,1730296452.4629037,-12.259260177612305,0.0,0.7250099778175354,2.0,9.940573692321777,1.1011958122253418,3.7891552448272705,-0.20633815228939056,-0.6898987889289856,-0.025055337697267532,1.009033203125,0.12744140625,-0.067138671875,-2.2560975551605225,-0.8536585569381714,-3.8109755516052246,-2.3311476707458496,-0.8501927852630615,-10.622265815734863,0.019534505903720856,-0.005422970745712519,0.023066796362400055,0.0,0.0,0.0,0.0,0.0,0.0,0.0,0.0,0.0,0.0,0.0,0.0,0.0,0.0
3206,1730296452.4729066,-12.259260177612305,0.0,0.7250099778175354,1.3333333730697632,8.261194229125977,2.3054425716400146,4.523372650146484,-0.1369667798280716,-0.6161311268806458,-0.02904513292014599,1.009521484375,0.093017578125,-0.04443359375,-3.5365853309631348,-0.5487805008888245,-5.97560977935791,-1.82167387008667,-0.5733195543289185,-10.474596977233887,0.029495185241103172,-0.07772482931613922,0.022434193640947342,0.0,0.0,0.0,0.0,0.0,0.0,0.0,0.0,0.0,0.0,0.0,0.0,0.0,0.0
3207,1730296452.4829028,-12.259260177612305,0.0,0.7250099778175354,0.6666666865348816,7.132211208343506,3.258695602416992,5.351214408874512,-0.051067668944597244,-0.4596938192844391,-0.034456390887498856,1.035888671875,-0.04345703125,-0.03125,-1.7682926654815674,-0.4573170840740204,-8.414633750915527,-1.82167387008667,-0.5733195543289185,-10.474596977233887,0.029495185241103172,-0.07772482931613922,0.022434193640947342,0.0,0.0,0.0,0.0,0.0,0.0,0.0,0.0,0.0,0.0,0.0,0.0,0.0,0.0
3208,1730296452.4928894,-12.259260177612305,0.0,0.7030400037765503,0.0,4.688346862792969,3.0116147994995117,5.776101112365723,0.03445343300700188,-0.25353994965553284,-0.03980051353573799,0.988037109375,-0.06298828125,-0.0009765625,-1.585365891456604,-0.396341472864151,-8.719511985778809,-0.7737546563148499,0.1150517538189888,-10.35029125213623,0.03392753750085831,-0.13586154580116272,0.03714193031191826,0.0,0.0,0.0,0.0,0.0,0.0,0.0,0.0,0.0,0.0,0.0,0.0,0.0,0.0
3209,1730296452.5028813,-12.259260177612305,0.0,0.7030400037765503,0.0,2.777906894683838,1.9743974208831787,5.730652809143066,0.075125552713871,-0.0504632368683815,-0.04032568261027336,0.99951171875,-0.148193359375,0.006591796875,-2.408536672592163,0.792682945728302,-8.963414192199707,0.3368839919567108,0.556266725063324,-10.0154390335083,0.0249387975782156,-0.16445624828338623,0.0017768065445125103,0.0,0.0,0.0,0.0,0.0,0.0,0.0,0.0,0.0,0.0,0.0,0.0,0.0,0.0
3210,1730296452.5128899,-12.259260177612305,0.0,0.6810700297355652,-0.6666666865348816,4.0041656494140625,0.3549860119819641,5.528234481811523,0.04697094485163689,0.09963914752006531,-0.031911395490169525,0.98486328125,-0.1513671875,-0.004638671875,-2.7439024448394775,1.5243902206420898,-9.17682933807373,1.3940192461013794,0.5882658958435059,-9.844827651977539,-0.0038889970164746046,-0.175566166639328,0.021484361961483955,0.0,0.0,0.0,0.0,0.0,0.0,0.0,0.0,0.0,0.0,0.0,0.0,0.0,0.0
3211,1730296452.522895,-12.259260177612305,0.0,0.6810700297355652,-0.6666666865348816,5.848665237426758,-0.23756453394889832,5.292431831359863,0.01720103994011879,0.18594637513160706,-0.017759909853339195,0.994140625,-0.197998046875,-0.03271484375,-3.3841464519500732,1.9207316637039185,-8.018292427062988,1.675595760345459,0.1487579047679901,-9.555563926696777,-0.018498048186302185,-0.1679525077342987,0.03223606199026108,0.0,0.0,0.0,0.0,0.0,0.0,0.0,0.0,0.0,0.0,0.0,0.0,0.0,0.0
3212,1730296452.5329804,-12.259260177612305,0.0,0.6810700297355652,-0.6666666865348816,5.744365692138672,1.0400018692016602,4.943293571472168,0.006078050006181002,0.23140273988246918,-0.004202435724437237,0.9853515625,-0.178955078125,-0.0830078125,-1.4939024448394775,1.9207316637039185,-7.408536434173584,1.675595760345459,0.1487579047679901,-9.555563926696777,-0.018498048186302185,-0.1679525077342987,0.03223606199026108,0.0,0.0,0.0,0.0,0.0,0.0,0.0,0.0,0.0,0.0,0.0,0.0,0.0,0.0
3213,1730296452.542915,-12.259260177612305,0.0,0.6810700297355652,0.0,3.701326847076416,2.346407890319824,4.551239967346191,-0.03790714219212532,0.2762969732284546,0.008257772773504257,0.9755859375,-0.204345703125,-0.090576171875,-2.3475608825683594,1.3414634466171265,-5.9146342277526855,2.1263082027435303,-0.5185930728912354,-9.407397270202637,-0.020339932292699814,-0.13711759448051453,0.010884907096624374,0.0,0.0,0.0,0.0,0.0,0.0,0.0,0.0,0.0,0.0,0.0,0.0,0.0,0.0
3214,1730296452.55289,-12.259260177612305,0.0,0.6590999960899353,0.0,2.3017399311065674,2.895969867706299,4.385486602783203,-0.12018238008022308,0.31152504682540894,0.02195432223379612,0.957275390625,-0.224365234375,-0.1064453125,-1.7073171138763428,0.7621951103210449,-4.817073345184326,2.3254404067993164,-0.6188924312591553,-9.320696830749512,-0.00850693415850401,-0.11992847919464111,0.018019620329141617,0.0,0.0,0.0,0.0,0.0,0.0,0.0,0.0,0.0,0.0,0.0,0.0,0.0,0.0
3215,1730296452.562884,-12.259260177612305,0.0,0.6590999960899353,0.0,3.232738971710205,2.0516154766082764,4.502408027648926,-0.19383135437965393,0.3197512626647949,0.03696616739034653,0.974365234375,-0.2255859375,-0.09619140625,-1.5548779964447021,-0.4573170840740204,-3.2317073345184326,2.3254404067993164,-0.6188924312591553,-9.320696830749512,-0.00850693415850401,-0.11992847919464111,0.018019620329141617,0.0,0.0,0.0,0.0,0.0,0.0,0.0,0.0,0.0,0.0,0.0,0.0,0.0,0.0
3216,1730296452.5728827,-12.259260177612305,0.0,0.6590999960899353,0.0,3.8101470470428467,-0.28004756569862366,4.530852794647217,-0.1972358673810959,0.3346468508243561,0.052050601691007614,0.970458984375,-0.229736328125,-0.077880859375,-1.6158536672592163,-0.8841463327407837,-2.22560977935791,2.4277217388153076,-0.8017475605010986,-9.32510757446289,0.005582130514085293,-0.09183836728334427,0.005727557465434074,0.0,0.0,0.0,0.0,0.0,0.0,0.0,0.0,0.0,0.0,0.0,0.0,0.0,0.0
3217,1730296452.5828953,-12.259260177612305,0.0,0.6371300220489502,0.0,3.6583032608032227,-1.791848063468933,4.265995979309082,-0.12684966623783112,0.3519423305988312,0.06320788711309433,0.982421875,-0.236328125,-0.02685546875,-1.25,-0.9146341681480408,-0.5182926654815674,2.5006608963012695,-0.22715212404727936,-9.393190383911133,0.03329524025321007,-0.051517635583877563,0.004652960691601038,0.0,0.0,0.0,0.0,0.0,0.0,0.0,0.0,0.0,0.0,0.0,0.0,0.0,0.0
3218,1730296452.5928826,-12.259260177612305,0.0,0.6371300220489502,-0.6666666865348816,4.070451259613037,-1.605994701385498,4.0296831130981445,-0.03842523321509361,0.34756457805633545,0.06576886773109436,0.984130859375,-0.243896484375,0.002685546875,-1.1890244483947754,-0.4268292784690857,0.7621951103210449,2.5006608963012695,-0.22715212404727936,-9.393190383911133,0.03329524025321007,-0.051517635583877563,0.004652960691601038,0.0,0.0,0.0,0.0,0.0,0.0,0.0,0.0,0.0,0.0,0.0,0.0,0.0,0.0
3219,1730296452.6028972,-12.259260177612305,0.0,0.6371300220489502,-0.6666666865348816,3.2795660495758057,-0.4456190764904022,4.021765232086182,0.046881984919309616,0.34080421924591064,0.0619630329310894,1.0166015625,-0.214599609375,0.013427734375,-0.6707317233085632,0.8231707215309143,3.0487804412841797,2.6371662616729736,0.7065987586975098,-9.34554672241211,0.020713258534669876,0.0024062783923000097,-0.0025008623488247395,0.0,0.0,0.0,0.0,0.0,0.0,0.0,0.0,0.0,0.0,0.0,0.0,0.0,0.0
3220,1730296452.6129525,-12.259260177612305,0.0,0.6371300220489502,-0.6666666865348816,2.3327832221984863,0.47123268246650696,4.036347389221191,0.10614708065986633,0.3383540213108063,0.05798105522990227,0.984619140625,-0.21630859375,0.00830078125,-0.7012194991111755,1.676829218864441,4.207316875457764,2.4535939693450928,0.6048076748847961,-9.485036849975586,-0.004186585545539856,0.03976849839091301,-0.003122867550700903,0.0,0.0,0.0,0.0,0.0,0.0,0.0,0.0,0.0,0.0,0.0,0.0,0.0,0.0
3221,1730296452.6228864,-12.259260177612305,0.0,0.6371300220489502,0.0,3.3286337852478027,0.6540143489837646,3.9477357864379883,0.10007530450820923,0.3272378444671631,0.055742550641298294,0.986328125,-0.1708984375,-0.029541015625,0.0,2.5,6.463414669036865,2.4535939693450928,0.6048076748847961,-9.485036849975586,-0.004186585545539856,0.03976849839091301,-0.003122867550700903,0.0,0.0,0.0,0.0,0.0,0.0,0.0,0.0,0.0,0.0,0.0,0.0,0.0,0.0
3222,1730296452.632895,-12.259260177612305,0.0,0.6371300220489502,0.0,4.461894512176514,1.911102294921875,3.8425567150115967,0.04043279215693474,0.2867090106010437,0.054278429597616196,0.979736328125,-0.150634765625,-0.046630859375,-0.24390244483947754,2.621951103210449,7.317073345184326,1.940476655960083,0.009218700230121613,-9.459250450134277,-0.032822202891111374,0.09967835247516632,-0.02016608603298664,0.0,0.0,0.0,0.0,0.0,0.0,0.0,0.0,0.0,0.0,0.0,0.0,0.0,0.0
3223,1730296452.6428974,-12.259260177612305,0.0,0.6371300220489502,0.0,4.583374500274658,2.7428979873657227,3.815997838973999,-0.050961803644895554,0.20738068222999573,0.05198424682021141,0.9853515625,-0.108642578125,-0.0947265625,-0.3048780560493469,2.2560975551605225,8.689023971557617,1.5970767736434937,-0.3054789900779724,-9.45033073425293,-0.02906079590320587,0.121645987033844,-0.017025018110871315,0.0,0.0,0.0,0.0,0.0,0.0,0.0,0.0,0.0,0.0,0.0,0.0,0.0,0.0
3224,1730296452.6528883,-12.259260177612305,0.0,0.6371300220489502,0.0,4.5680365562438965,0.8469550013542175,3.815974712371826,-0.1454716920852661,0.12055902928113937,0.0476415753364563,0.976318359375,-0.10302734375,-0.10302734375,-0.060975611209869385,1.2195122241973877,9.268292427062988,1.5970767736434937,-0.3054789900779724,-9.45033073425293,-0.02906079590320587,0.121645987033844,-0.017025018110871315,0.0,0.0,0.0,0.0,0.0,0.0,0.0,0.0,0.0,0.0,0.0,0.0,0.0,0.0
3225,1730296452.6628675,-12.259260177612305,0.0,0.6371300220489502,0.0,5.808300495147705,-0.5289670825004578,3.728801727294922,-0.19340647757053375,0.045254189521074295,0.0427531823515892,0.980712890625,-0.0771484375,-0.09326171875,1.3109755516052246,0.15243902802467346,10.12195110321045,1.1997755765914917,-0.6989818811416626,-9.602887153625488,-0.019762195646762848,0.1383177489042282,-0.016995424404740334,0.0,0.0,0.0,0.0,0.0,0.0,0.0,0.0,0.0,0.0,0.0,0.0,0.0,0.0
3226,1730296452.6728761,-12.259260177612305,0.0,0.6371300220489502,0.0,7.764862537384033,0.15683208405971527,3.666795015335083,-0.18129785358905792,-0.018483135849237442,0.0364382341504097,0.98095703125,-0.0380859375,-0.06982421875,-1.676829218864441,0.09146341681480408,9.817072868347168,0.6599151492118835,-1.0361344814300537,-9.73857593536377,0.013210482895374298,0.16092266142368317,-0.023231443017721176,0.0,0.0,0.0,0.0,0.0,0.0,0.0,0.0,0.0,0.0,0.0,0.0,0.0,0.0
3227,1730296452.682883,-12.259260177612305,0.0,0.6371300220489502,0.0,7.447064399719238,0.7926510572433472,3.7276217937469482,-0.11358869075775146,-0.06543536484241486,0.025692379102110863,1.00634765625,-0.048583984375,-0.05029296875,-0.15243902802467346,-0.4878048896789551,9.420731544494629,0.6599151492118835,-1.0361344814300537,-9.73857593536377,0.013210482895374298,0.16092266142368317,-0.023231443017721176,0.0,0.0,0.0,0.0,0.0,0.0,0.0,0.0,0.0,0.0,0.0,0.0,0.0,0.0
3228,1730296452.6929555,-12.259260177612305,0.0,0.6371300220489502,0.0,5.661690711975098,0.3665885627269745,3.7151851654052734,-0.021711820736527443,-0.11332346498966217,0.014335905201733112,1.00634765625,0.02587890625,-0.005126953125,-0.4268292784690857,-0.21341463923454285,9.29878044128418,0.26700079441070557,0.08044298738241196,-9.905976295471191,0.024377917870879173,0.146970734000206,-0.013549675233662128,0.0,0.0,0.0,0.0,0.0,0.0,0.0,0.0,0.0,0.0,0.0,0.0,0.0,0.0
3229,1730296452.7028913,-12.259260177612305,0.0,0.6371300220489502,0.0,4.702144145965576,-1.1339173316955566,3.5742604732513428,0.035765040665864944,-0.1812983602285385,0.007306679151952267,1.03369140625,0.07568359375,0.024658203125,-0.8536585569381714,0.7621951103210449,6.737804889678955,-0.42946624755859375,0.509540855884552,-10.348546981811523,0.014114554040133953,0.12505368888378143,-0.0008626258932054043,0.0,0.0,0.0,0.0,0.0,0.0,0.0,0.0,0.0,0.0,0.0,0.0,0.0,0.0
3230,1730296452.7129002,-12.259260177612305,0.0,0.6590999960899353,0.6666666865348816,4.642749786376953,-1.4603859186172485,3.4861912727355957,0.06192607805132866,-0.2742973268032074,0.0023925690911710262,1.02685546875,0.08837890625,0.03466796875,-1.1280487775802612,1.737804889678955,4.420731544494629,-0.42946624755859375,0.509540855884552,-10.348546981811523,0.014114554040133953,0.12505368888378143,-0.0008626258932054043,0.0,0.0,0.0,0.0,0.0,0.0,0.0,0.0,0.0,0.0,0.0,0.0,0.0,0.0
3231,1730296452.7229054,-12.259260177612305,0.0,0.6590999960899353,0.6666666865348816,6.975016117095947,0.3832603096961975,3.4777991771698,0.07497230917215347,-0.3807573914527893,-0.003281699027866125,1.0234375,0.093505859375,-0.009521484375,-1.2195122241973877,2.591463327407837,0.5182926654815674,-1.3496366739273071,0.7041276097297668,-10.54948616027832,-0.018439216539263725,0.04157542437314987,-0.0009812758071348071,0.0,0.0,0.0,0.0,0.0,0.0,0.0,0.0,0.0,0.0,0.0,0.0,0.0,0.0
3232,1730296452.7329082,-12.259260177612305,0.0,0.6590999960899353,0.6666666865348816,9.768446922302246,1.4709399938583374,3.5070202350616455,0.050263773649930954,-0.4433709681034088,-0.00919018778949976,1.002197265625,0.07421875,-0.05322265625,-1.3719512224197388,2.4390244483947754,-1.6463414430618286,-1.3043732643127441,0.1889214962720871,-10.51284122467041,-0.03020678646862507,-0.012859285809099674,-0.0038973286282271147,0.0,0.0,0.0,0.0,0.0,0.0,0.0,0.0,0.0,0.0,0.0,0.0,0.0,0.0
3233,1730296452.742896,-12.259260177612305,0.0,0.6590999960899353,0.0,8.983622550964355,1.0002665519714355,3.5958309173583984,-0.030208492651581764,-0.412479966878891,-0.012881423346698284,0.984619140625,0.00439453125,-0.10107421875,-2.012195110321045,1.6158536672592163,-3.9939024448394775,-1.3043732643127441,0.1889214962720871,-10.51284122467041,-0.03020678646862507,-0.012859285809099674,-0.0038973286282271147,0.0,0.0,0.0,0.0,0.0,0.0,0.0,0.0,0.0,0.0,0.0,0.0,0.0,0.0
3234,1730296452.7528827,-12.259260177612305,0.0,0.6590999960899353,0.0,6.548415660858154,-0.14742814004421234,3.6737475395202637,-0.15163427591323853,-0.2951996624469757,-0.012241112068295479,0.9716796875,-0.064453125,-0.110107421875,-1.1280487775802612,0.5487805008888245,-4.756097793579102,-0.791208803653717,-0.381849467754364,-10.186016082763672,-0.024839792400598526,-0.060209035873413086,0.002016526646912098,0.0,0.0,0.0,0.0,0.0,0.0,0.0,0.0,0.0,0.0,0.0,0.0,0.0,0.0
3235,1730296452.76289,-12.259260177612305,0.0,0.6590999960899353,0.0,5.374706268310547,-1.717238187789917,3.6492538452148438,-0.23469269275665283,-0.1415131837129593,-0.010039867833256721,0.9814453125,-0.079833984375,-0.087158203125,-1.5243902206420898,-0.6707317233085632,-4.847560882568359,0.4703371226787567,-0.7916430830955505,-9.801426887512207,0.010306806303560734,-0.09916740655899048,0.0005107478355057538,0.0,0.0,0.0,0.0,0.0,0.0,0.0,0.0,0.0,0.0,0.0,0.0,0.0,0.0
3236,1730296452.7729836,-12.259260177612305,0.0,0.6590999960899353,0.0,5.961442947387695,-2.464015245437622,3.594478130340576,-0.21049343049526215,-0.031116841360926628,-0.009077813476324081,0.987548828125,-0.111083984375,-0.06298828125,-1.8902438879013062,-1.0670732259750366,-4.908536434173584,0.4703371226787567,-0.7916430830955505,-9.801426887512207,0.010306806303560734,-0.09916740655899048,0.0005107478355057538,0.0,0.0,0.0,0.0,0.0,0.0,0.0,0.0,0.0,0.0,0.0,0.0,0.0,0.0
3237,1730296452.7828937,-12.259260177612305,0.0,0.6590999960899353,0.0,6.734766483306885,-2.2426397800445557,3.6468617916107178,-0.1151575818657875,0.014366880059242249,-0.006074139848351479,0.997314453125,-0.1455078125,-0.011962890625,-1.5548779964447021,-0.9756097793579102,-4.908536434173584,1.2196788787841797,-0.014119740575551987,-9.614768028259277,0.03498932719230652,-0.10527317225933075,0.009219491854310036,0.0,0.0,0.0,0.0,0.0,0.0,0.0,0.0,0.0,0.0,0.0,0.0,0.0,0.0
